Designator,Mid X,Mid Y,Layer,Rotation
C1,133.520mm,-63.600mm,Top,0.0
C2,130.400mm,-62.000mm,Top,180.0
C3,126.500mm,-63.500mm,Top,90.0
C4,137.480mm,-66.000mm,Top,0.0
C6,117.720mm,-71.600mm,Top,180.0
C12,114.270mm,-58.250mm,Top,0.0
C13,119.000mm,-63.230mm,Top,90.0
C15,138.980mm,-56.000mm,Top,180.0
C16,146.650mm,-64.300mm,Top,180.0
D5,102.412mm,-74.800mm,Top,0.0
D7,162.600mm,-76.600mm,Top,0.0
D9,162.588mm,-81.200mm,Top,0.0
J5,104.250mm,-67.000mm,Top,-90.0
Q3,109.380mm,-55.200mm,Top,180.0
Q4,116.862mm,-55.550mm,Top,180.0
Q5,109.380mm,-59.130mm,Top,0.0
R1,137.010mm,-52.500mm,Top,0.0
R2,136.990mm,-53.750mm,Top,0.0
R3,128.000mm,-63.500mm,Top,-90.0
R4,131.200mm,-64.200mm,Top,180.0
R7,123.500mm,-58.790mm,Top,90.0
R8,110.300mm,-65.500mm,Top,0.0
R10,110.400mm,-69.050mm,Top,0.0
R13,102.090mm,-73.200mm,Top,0.0
R15,159.700mm,-76.600mm,Top,180.0
R18,159.688mm,-81.200mm,Top,180.0
R19,133.250mm,-53.750mm,Top,-90.0
R20,131.500mm,-53.750mm,Top,-90.0
R21,120.800mm,-54.600mm,Top,0.0
R22,116.000mm,-52.600mm,Top,0.0
R23,144.740mm,-69.750mm,Top,180.0
R24,144.740mm,-68.500mm,Top,180.0
R25,149.500mm,-66.500mm,Top,90.0
R26,105.910mm,-60.090mm,Top,90.0
SW6,139.250mm,-75.000mm,Top,0.0
SW7,103.800mm,-87.300mm,Top,90.0
SW9,162.250mm,-89.000mm,Top,90.0
SW10,102.150mm,-56.000mm,Top,-90.0
U1,142.750mm,-53.500mm,Top,180.0
U4,116.000mm,-61.750mm,Top,0.0
U5,127.250mm,-58.750mm,Top,180.0
U6,115.600mm,-68.250mm,Top,0.0
U7,132.650mm,-68.350mm,Top,-90.0
U8,147.150mm,-66.892mm,Top,90.0
