Comment,Designator,Footprint,LCSC Part #
100nF,"C1,C6,C12,C15,C16",C_0402_1005Metric,C307331
1uF Ceramic,C13,C_0402_1005Metric,C52923
10uF,C2,C_0805_2012Metric,C15850
10nF,C3,C_0402_1005Metric,C15195
0.47uF,C4,C_0402_1005Metric,C47339
5V,D5,D_0603_1608Metric,C2290
MCU,"D7,D9",D_0603_1608Metric,C2286
GT-USB-7010ASV,J5,USB_C_Receptacle_G-Switch_GT-USB-7010ASV,C2988369
AP30P30Q,"Q3,Q5",PDFN3333-8_PMOS_GSD,C471913
DMMT5401,Q4,SOT-23-6,C154733
5.1k,"R8,R10",R_0402_1005Metric,C25905
2k,"R13,R15,R18",R_0402_1005Metric,C4109
4.7k,"R19,R20",R_0402_1005Metric,C25900
47k,"R3,R21",R_0402_1005Metric,C25792
10k,"R7,R22",R_0402_1005Metric,C25744
1k,R23,R_0402_1005Metric,C11702
100k,"R24,R26",R_0402_1005Metric,C25741
33,R25,R_0402_1005Metric,C25105
100k 0.1%,R4,R_0402_1005Metric,C844674
USB PWR,SW10,SW_SPDT_Shouhan_MSK12C02,C431540
BSL,"SW6,SW9",SW_SPST_TS-1088-xR020,C720477
BL-DT (LCSC C53223909),SW7,SW-SMD_BL-DT,C53223909
M24C32-WDW6TP,U1,TSSOP-8_4.4x3mm_P0.65mm,C283445
MCP1700x-330xxMB,U4,SOT-89-3,C632000
AP2171W,U5,SOT-23-5,C110466
CH340N,U6,JEITA_SOIC-8_3.9x4.9mm_P1.27mm,C2977777
MSPM0G3507SRHBR,U7,VQFN32_RHB_TEX,C20618748
74LVC2G17,U8,SOT-363_SC-70-6,C80500
