Ref,Value,Footprint,LCSC,Note
J8,J8 power/timing (underside),PinHeader_1x05_P2.54mm_Vertical,,
J9,J9 analog/SPI (underside),PinHeader_1x05_P2.54mm_Vertical,,
R1,100k,R_0402_1005Metric,C25741,
R2,100k,R_0402_1005Metric,C25741,
R3,100k,R_0402_1005Metric,C25741,
R4,100k,R_0402_1005Metric,C25741,
R5,100k,R_0402_1005Metric,C25741,
U1,ISO7761FDBQR,SSOP-16_3.9x4.9mm_P0.635mm,C2877505,
C1,100n,C_0402_1005Metric,C1525,
C2,100n,C_0402_1005Metric,C1525,
C3,4.7u,C_0603_1608Metric,C69335,
C4,1u 50V,C_0603_1608Metric,C559769,
C5,1u 50V,C_0603_1608Metric,C559769,
U2,TLV76050DBZR,SOT-23,C2867465,
C6,1u 50V,C_0603_1608Metric,C559769,
C7,1u 50V,C_0603_1608Metric,C559769,
R6,1.5k,R_0603_1608Metric,C22843,
D1,BZT52C4V7S,D_SOD-323,C19077439,
C8,1u 50V,C_0603_1608Metric,C559769,
R7,1.5k,R_0603_1608Metric,C22843,
U3,TL431 (2.5V),SOT-23,C181103,
R8,15.0k 0.1%,R_0603_1608Metric,C326733,
R9,10.0k 0.1%,R_0603_1608Metric,C95204,
C9,10n,C_0402_1005Metric,C15195,
U4,MCP4921-E/MS,MSOP-8_3x3mm_P0.65mm,C185506,
C10,100n,C_0402_1005Metric,C1525,
U5,OPA2192IDGKR,VSSOP-8_3x3mm_P0.65mm,C2876419,
C11,100n,C_0603_1608Metric,C14663,
C12,100n,C_0603_1608Metric,C14663,
R10,10.0k 0.1%,R_0603_1608Metric,C95204,
R11,10.0k 0.1%,R_0603_1608Metric,C95204,
U6,74HC4053PW,TSSOP-16_4.4x5mm_P0.65mm,C5648,
C13,100n,C_0402_1005Metric,C1525,
C14,100n,C_0402_1005Metric,C1525,
R12,1k,R_0402_1005Metric,C11702,
C15,100p,C_0402_1005Metric,C1546,
R13,47,R_0402_1005Metric,C137973,
R14,2.00k 0.1%,R_0603_1608Metric,C328425,
C16,1u 50V,C_0805_2012Metric,C726584,
J1,ELECTRODE E1/E2,PinHeader_1x02_P2.54mm_Horizontal,,
D2,BAT54C,SOT-23,C37704,
R15,100k,R_0402_1005Metric,C25741,
C17,2.2n,C_0402_1005Metric,C106861,
U7,DG419DY,SOIC-8_3.9x4.9mm_P1.27mm,C6581,
R19,4.7k,R_0402_1005Metric,C25900,
